pincode,officename,Districtname,regionname,Latitude,Longtude,
560063,A F Station Yelahanka S.O,Bangalore,Bangalore HQ,13.1322,77.3967,
560007,Agram S.O,Bangalore,Bangalore HQ,13.0643,77.126,
560007,Air Force Hospital S.O,Bangalore,Bangalore HQ,13.0643,77.126,
560092,Amruthahalli B.O,Bangalore,Bangalore HQ,13.0583,77.5732,
560024,Anandnagar S.O (Bangalore),Bangalore,Bangalore HQ,12.9714,77.5481,
560045,Arabic College S.O,Bangalore,Bangalore HQ,13.0064,77.3204,
560064,Attur B.O,Bangalore,Bangalore HQ,13.0785,77.6069,
560047,Austin Town S.O,Bangalore,Bangalore HQ,13.0064,77.3204,
560043,Banaswadi S.O,Bangalore,Bangalore HQ,13.0158,77.6487,
560001,Bangalore Bazaar S.O,Bangalore,Bangalore HQ,12.9914,77.5944,
560300,Bangalore International Airport S.O,Bangalore,Bangalore HQ,13.0083,77.4543,
560025,Bangalore Sub Foreign Post S.O,Bangalore,Bangalore HQ,12.9634,77.6025,
560103,Bellandur S.O,Bangalore,Bangalore HQ,13.0907,77.6423,
560046,Benson Town S.O,Bangalore,Bangalore HQ,12.9985,77.6044,
560049,Bhattarahalli S.O,Bangalore,Bangalore HQ,12.9833,77.5833,
560049,Bidrahalli B.O,Bangalore,Bangalore HQ,12.9833,77.5833,
560063,BSF Campus Yelahanka S.O,Bangalore,Bangalore HQ,13.1322,77.3967,
560092,Byatarayanapura B.O,Bangalore,Bangalore HQ,13.0583,77.5732,
560093,C.V.Raman Nagar S.O,Bangalore,Bangalore HQ,13.0875,77.5846,
560001,CMM Court Complex S.O,Bangalore,Bangalore HQ,12.9914,77.5944,
560025,CMP Centre And School S.O,Bangalore,Bangalore HQ,12.9634,77.6025,
560064,CRPF Campus Yelahanka S.O,Bangalore,Bangalore HQ,13.0785,77.6069,
560067,Devanagundi B.O,Bangalore,Bangalore HQ,12.9833,77.5833,
560036,Devasandra S.O,Bangalore,Bangalore HQ,12.9855,77.6344,
560077,Doddagubbi B.O,Bangalore,Bangalore HQ,12.7111,77.3354,
560037,Doddanekkundi B.O,Bangalore,Bangalore HQ,12.9855,77.6344,
560071,Domlur S.O,Bangalore,Bangalore HQ,12.9617,77.6391,
560016,Doorvaninagar S.O,Bangalore,Bangalore HQ,12.9967,77.5551,
560001,Dr. Ambedkar Veedhi S.O,Bangalore,Bangalore HQ,12.9914,77.5944,
560077,Dr. Shivarama Karanth Nagar S.O,Bangalore,Bangalore HQ,12.7111,77.3354,
560066,EPIP S.O,Bangalore,Bangalore HQ,12.9716,77.7473,
560005,Fraser Town S.O,Bangalore,Bangalore HQ,13.0643,77.126,
560065,G.K.V.K. S.O,Bangalore,Bangalore HQ,13.1322,77.3967,
560087,Gunjur B.O,Bangalore,Bangalore HQ,13.4353,77.5193,
560024,H.A. Farm S.O,Bangalore,Bangalore HQ,12.9714,77.5481,
560008,H.A.L II Stage H.O,Bangalore,Bangalore HQ,13.0643,77.126,
560051,H.K.P. Road S.O,Bangalore,Bangalore HQ,12.9979,77.5861,
560024,Hebbal Kempapura S.O,Bangalore,Bangalore HQ,12.9714,77.5481,
560001,HighCourt S.O,Bangalore,Bangalore HQ,12.9914,77.5944,
560048,Hoodi B.O,Bangalore,Bangalore HQ,12.9944,77.7164,
560043,Horamavu B.O,Bangalore,Bangalore HQ,13.0158,77.6487,
560008,Hulsur Bazaar S.O,Bangalore,Bangalore HQ,13.0643,77.126,
560038,Indiranagar S.O (Bangalore),Bangalore,Bangalore HQ,12.9743,77.6404,
560094,ISRO Anthariksha Bhavan S.O,Bangalore,Bangalore HQ,13.0875,77.5846,
560006,J.C.Nagar S.O,Bangalore,Bangalore HQ,13.0643,77.126,
560064,Jakkur B.O,Bangalore,Bangalore HQ,13.0785,77.6069,
560043,Jalavayuvihar S.O,Bangalore,Bangalore HQ,13.0158,77.6487,
560075,Jeevanbhimanagar S.O,Bangalore,Bangalore HQ,12.7111,77.3354,
560067,Kadugodi Extention SO,Bangalore,Bangalore HQ,12.9833,77.5833,
560067,Kadugodi S.O,Bangalore,Bangalore HQ,12.9833,77.5833,
560067,Kalkunte B.O,Bangalore Rural,Bangalore HQ,12.9833,77.5833,
560043,Kalyananagar S.O,Bangalore,Bangalore HQ,13.0158,77.6487,
560067,Kannamangala B.O,Bangalore,Bangalore HQ,12.9833,77.5833,
560092,Kodigehalli B.O,Bangalore,Bangalore HQ,13.0583,77.5732,
560077,Kothanur S.O,Bangalore,Bangalore HQ,12.7111,77.3354,
560016,Krishnarajapuram R S S.O,Bangalore,Bangalore HQ,12.9967,77.5551,
560036,Krishnarajapuram S.O,Bangalore,Bangalore HQ,12.9855,77.6344,
560037,Kundalahalli S.O,Bangalore,Bangalore HQ,12.9855,77.6344,
560001,Legislators Home S.O,Bangalore,Bangalore HQ,12.9914,77.5944,
560084,Lingarajapuram S.O,Bangalore,Bangalore HQ,13.0096,77.6374,
560048,Mahadevapura S.O,Bangalore,Bangalore HQ,12.9944,77.7164,
560001,Mahatma Gandhi Road S.O,Bangalore,Bangalore HQ,12.9914,77.5944,
560037,Marathahalli Colony S.O,Bangalore,Bangalore HQ,12.9855,77.6344,
560033,Maruthi Sevanagar S.O,Bangalore,Bangalore HQ,12.9855,77.6344,
560067,Medimallasandra B.O,Bangalore,Bangalore HQ,12.9833,77.5833,
560049,Mundur B.O,Bangalore,Bangalore HQ,12.9833,77.5833,
560025,Museum Road S.O,Bangalore,Bangalore HQ,12.9634,77.6025,
560087,Muthusandra B.O,Bangalore,Bangalore HQ,13.4353,77.5193,
560067,Naduvathi B.O,Bangalore Rural,Bangalore HQ,12.9833,77.5833,
560017,NAL S.O,Bangalore,Bangalore HQ,12.9967,77.5551,
560075,New Thippasandra S.O,Bangalore,Bangalore HQ,12.7111,77.3354,
560032,P&T Col. Kavalbyrasandra S.O,Bangalore,Bangalore HQ,12.9855,77.6344,
560103,Panathur B.O,Bangalore,Bangalore HQ,13.0907,77.6423,
560032,R T Nagar H.O,Bangalore,Bangalore HQ,12.9855,77.6344,
560094,R.M.V. Extension II Stage S.O,Bangalore,Bangalore HQ,13.0875,77.5846,
560064,Rajanakunte B.O,Bangalore,Bangalore HQ,13.0785,77.6069,
560001,Rajbhavan S.O (Bangalore),Bangalore,Bangalore HQ,12.9914,77.5944,
560016,Ramamurthy Nagar S.O,Bangalore,Bangalore HQ,12.9967,77.5551,
560037,Rameshnagar S.O,Bangalore,Bangalore HQ,12.9855,77.6344,
560025,Richmond Town S.O,Bangalore,Bangalore HQ,12.9634,77.6025,
560080,Sadashivanagar S.O,Bangalore,Bangalore HQ,13.0104,77.5806,
560092,Sahakaranagar P.O S.O,Bangalore,Bangalore HQ,13.0583,77.5732,
560067,Samethanahalli B.O,Bangalore Rural,Bangalore HQ,12.9833,77.5833,
560064,Singanayakanahalli B.O,Bangalore,Bangalore HQ,13.0785,77.6069,
560042,Sivan Chetty Gardens S.O,Bangalore,Bangalore HQ,13.0064,77.3204,
560084,St. Thomas Town S.O,Bangalore,Bangalore HQ,13.0096,77.6374,
560006,Training Command IAF S.O,Bangalore,Bangalore HQ,13.0643,77.126,
560087,Vartur S.O,Bangalore,Bangalore HQ,13.4353,77.5193,
560001,Vasanthanagar S.O,Bangalore,Bangalore HQ,12.9914,77.5944,
560045,Venkateshapura S.O,Bangalore,Bangalore HQ,13.0064,77.3204,
560001,Vidhana Soudha S.O,Bangalore,Bangalore HQ,12.9914,77.5944,
560017,Vimanapura S.O,Bangalore,Bangalore HQ,12.9967,77.5551,
560049,Virgonagar S.O,Bangalore,Bangalore HQ,12.9833,77.5833,
560047,Viveknagar S.O (Bangalore),Bangalore,Bangalore HQ,13.0064,77.3204,
560066,Whitefield S.O,Bangalore,Bangalore HQ,12.9716,77.7473,
560064,Yelahanka S.O,Bangalore,Bangalore HQ,13.0785,77.6069,
560064,Yelahanka Satellite Town S.O,Bangalore,Bangalore HQ,13.0785,77.6069,
560001,Bangalore G.P.O.,Bangalore,Bangalore HQ,12.9914,77.5944,
560030,Adugodi S.O,Bangalore,Bangalore HQ,12.944,77.6079,
560034,Agara B.O,Bangalore,Bangalore HQ,13.0381,77.6549,
560108,Anjanapura S.O,Bangalore,Bangalore HQ,13.6401,77.6156,
560050,Ashoknagar S.O (Bangalore),Bangalore,Bangalore HQ,12.9634,77.6114,
560070,B Sk II Stage S.O,Bangalore,Bangalore HQ,12.7111,77.3354,
560085,Banashankari III Stage S.O,Bangalore,Bangalore HQ,12.9299,77.5523,
560050,Banashankari S.O,Bangalore,Bangalore HQ,12.9634,77.6114,
560002,Bangalore Corporation Building S.O,Bangalore,Bangalore HQ,12.9719,77.5937,
560076,Bannerghatta Road S.O,Bangalore,Bangalore HQ,12.9833,77.5833,
560083,Bannerghatta S.O,Bangalore,Bangalore HQ,12.9023,77.6011,
560004,Basavanagudi H.O,Bangalore,Bangalore HQ,12.9833,77.5833,
560068,Begur B.O,Bangalore,Bangalore HQ,12.9079,77.6285,
560056,Bnagalore Viswavidalaya S.O,Bangalore,Bangalore HQ,12.9979,77.5861,
560082,Bolare B.O,Bangalore,Bangalore HQ,12.7717,77.5053,
560068,Bommanahalli S.O (Bangalore),Bangalore,Bangalore HQ,12.9079,77.6285,
560099,Bommasandra Industrial Estate S.O,Bangalore,Bangalore HQ,12.8029,77.7036,
560035,Carmelram S.O,Bangalore,Bangalore HQ,12.9855,77.6344,
560018,Chamrajpet S.O (Bangalore),Bangalore,Bangalore HQ,12.9604,77.5673,
560099,Chandapura B.O,Bangalore,Bangalore HQ,12.8029,77.7036,
560081,Chandapura S.O,Bangalore,Bangalore HQ,12.8029,77.7036,
560053,Chickpet S.O,Bangalore,Bangalore HQ,12.9979,77.5861,
560061,Chikkalasandra S.O,Bangalore,Bangalore HQ,13.1322,77.3967,
560060,Chudenapura B.O,Bangalore,Bangalore HQ,13.1089,76.894,
560050,Dasarahalli(Srinagar) S.O,Bangalore,Bangalore HQ,12.9634,77.6114,
560026,Deepanjalinagar S.O,Bangalore,Bangalore HQ,12.9714,77.5481,
560029,Dharmaram College S.O,Bangalore,Bangalore HQ,12.9635,77.4007,
560062,Doddakallasandra S.O,Bangalore,Bangalore HQ,13.1322,77.3967,
560100,Electronics City S.O,Bangalore,Bangalore HQ,12.8458,77.6727,
560019,Gaviopuram Extension S.O,Bangalore,Bangalore HQ,12.9967,77.5551,
560085,Girinagar S.O (Bangalore),Bangalore,Bangalore HQ,12.9299,77.5523,
560083,Gottigere S.O,Bangalore,Bangalore HQ,12.9023,77.6011,
560026,Governmemnt Electric Factory S.O,Bangalore,Bangalore HQ,12.9714,77.5481,
560105,Haragadde B.O,Bangalore,Bangalore HQ,12.7861,77.6385,
560105,Hennagara B.O,Bangalore,Bangalore HQ,12.7861,77.6385,
560102,HSR Layout S.O,Bangalore,Bangalore HQ,13.0907,77.6423,
560105,Hulimangala B.O,Bangalore,Bangalore HQ,12.7861,77.6385,
560076,Hulimavu B.O,Bangalore,Bangalore HQ,12.9833,77.5833,
560076,Hulimavu S.O,Bangalore,Bangalore HQ,12.9833,77.5833,
560099,Huskur B.O,Bangalore Rural,Bangalore HQ,12.8029,77.7036,
560078,J P Nagar S.O,Bangalore,Bangalore HQ,12.9057,77.5617,
560041,Jayanagar H.O,Bangalore,Bangalore HQ,12.9273,77.5953,
560070,Jayanagar West S.O,Bangalore,Bangalore HQ,12.7111,77.3354,
560011,Jayangar III Block S.O,Bangalore,Bangalore HQ,12.9967,77.5551,
560105,Jigani S.O,Bangalore,Bangalore HQ,12.7861,77.6385,
560078,JP Nagar III Phase S.O,Bangalore,Bangalore HQ,12.9057,77.5617,
560076,JP Nagar VIII phase S.O,Bangalore,Bangalore HQ,12.9833,77.5833,
560082,Kagalipura B.O,Bangalore Rural,Bangalore HQ,12.7717,77.5053,
560083,Kalkere B.O,Bangalore Rural,Bangalore HQ,12.9023,77.6011,
560105,Kallubalu B.O,Bangalore,Bangalore HQ,12.7861,77.6385,
560085,Kathriguppe S.O,Bangalore,Bangalore HQ,12.9299,77.5523,
560060,Kengeri S.O,Bangalore Rural,Bangalore HQ,13.1089,76.894,
560062,Konanakunte S.O,Bangalore,Bangalore HQ,13.1322,77.3967,
560034,Koramangala I Block S.O,Bangalore,Bangalore HQ,13.0381,77.6549,
560034,Koramangala S.O,Bangalore,Bangalore HQ,13.0381,77.6549,
560095,Koramangala VI Bk S.O,Bangalore,Bangalore HQ,13.0875,77.5846,
560078,Kumaraswamy Layout S.O,Bangalore,Bangalore HQ,12.9057,77.5617,
560074,Kumbalagodu S.O,Bangalore,Bangalore HQ,12.7111,77.3354,
560074,Kumbalgodu Gollahalli B.O,Bangalore,Bangalore HQ,12.7111,77.3354,
560011,Madhavan Park S.O,Bangalore,Bangalore HQ,12.9967,77.5551,
560068,Madivala S.O,Bangalore,Bangalore HQ,12.9079,77.6285,
560056,Mallathahalli B.O,Bangalore,Bangalore HQ,12.9979,77.5861,
560004,Mavalli S.O,Bangalore,Bangalore HQ,12.9833,77.5833,
560076,Mico Layout S.O,Bangalore,Bangalore HQ,12.9833,77.5833,
560076,Mount St Joseph B.O,Bangalore,Bangalore HQ,12.9833,77.5833,
560099,Muthanallur B.O,Bangalore,Bangalore HQ,12.8029,77.7036,
560039,Nayandahalli S.O,Bangalore,Bangalore HQ,12.9855,77.6344,
560070,Padmanabhnagar S.O,Bangalore,Bangalore HQ,12.7111,77.3354,
560004,Pampamahakavi Road S.O,Bangalore,Bangalore HQ,12.9833,77.5833,
560083,Ragihalli B.O,Bangalore,Bangalore HQ,12.9023,77.6011,
560098,Rajarajeshwarinagar S.O,Bangalore,Bangalore HQ,13.0875,77.5846,
560074,Ramohalli B.O,Bangalore,Bangalore HQ,12.7111,77.3354,
560059,Rv Niketan S.O,Bangalore,Bangalore HQ,12.9979,77.5861,
560083,Sakalavara B.O,Bangalore Rural,Bangalore HQ,12.9023,77.6011,
560027,Sampangiramnagar S.O,Bangalore,Bangalore HQ,12.9506,77.5952,
560027,Shanthinagar S.O,Bangalore,Bangalore HQ,12.9506,77.5952,
560068,Singasandra B.O,Bangalore Rural,Bangalore HQ,12.9079,77.6285,
560082,Somanhalli B.O,Bangalore Rural,Bangalore HQ,12.7717,77.5053,
560034,St. John's Medical College S.O,Bangalore,Bangalore HQ,13.0381,77.6549,
560050,State Bank Of Mysore Colony S.O,Bangalore,Bangalore HQ,12.9634,77.6114,
560061,Subramanyapura S.O,Bangalore,Bangalore HQ,13.1322,77.3967,
560060,Sulikere B.O,Bangalore Rural,Bangalore HQ,13.1089,76.894,
560082,Taralu B.O,Bangalore Rural,Bangalore HQ,12.7717,77.5053,
560029,Tavarekere S.O,Bangalore,Bangalore HQ,12.9635,77.4007,
560109,Thalaghattapura S.O,Bangalore,Bangalore HQ,13.0907,77.6423,
560082,Thataguni B.O,Bangalore,Bangalore HQ,12.7717,77.5053,
560082,Thattekuppe B.O,Bangalore Rural,Bangalore HQ,12.7717,77.5053,
560004,Thyagarajnagar S.O,Bangalore,Bangalore HQ,12.9833,77.5833,
560041,Tilaknagar S.O (Bangalore),Bangalore,Bangalore HQ,12.9273,77.5953,
560070,Tyagrajnagar S.O,Bangalore,Bangalore HQ,12.7111,77.3354,
560082,Udaypura S.O,Bangalore Rural,Bangalore HQ,12.7717,77.5053,
560110,Ullalu Upanagar S.O,Bangalore,Bangalore HQ,13.0583,77.5732,
560027,Wilson Garden S.O,Bangalore,Bangalore HQ,12.9506,77.5952,
560100,Wipro Limited S.O,Bangalore,Bangalore HQ,12.8458,77.6727,
560078,Yelachenahalli S.O,Bangalore,Bangalore HQ,12.9057,77.5617,
560107,Achitnagar S.O,Bangalore Rural,Bangalore HQ,13.0907,77.6423,
560073,Bagalgunte B.O,Bangalore,Bangalore HQ,12.7111,77.3354,
560002,Bangalore City S.O,Bangalore,Bangalore HQ,12.9719,77.5937,
560009,Bangalore Dist Offices Bldg S.O,Bangalore,Bangalore HQ,13.0643,77.126,
560091,Bapagrama B.O,Bangalore,Bangalore HQ,13.336,77.6376,
560079,Basaveshwaranagar S.O,Bangalore,Bangalore HQ,12.7111,77.3354,
560089,Byatha B.O,Bangalore Rural,Bangalore HQ,13.1876,77.52,
560040,Chandra Lay Out S.O,Bangalore,Bangalore HQ,13.0064,77.3204,
560090,Chikkabanavara S.O,Bangalore Rural,Bangalore HQ,13.0875,77.5846,
560073,Chikkabidarkal S.O,Bangalore,Bangalore HQ,12.7111,77.3354,
560021,Gayathrinagar S.O,Bangalore,Bangalore HQ,12.9879,77.5625,
560104,Hampinagar S.O,Bangalore,Bangalore HQ,13.0907,77.6423,
560091,Herohalli S.O,Bangalore,Bangalore HQ,13.336,77.6376,
560089,Hessarghatta Lake S.O,Bangalore Rural,Bangalore HQ,13.1876,77.52,
560088,Hessarghatta S.O,Bangalore Rural,Bangalore HQ,12.9872,77.5244,
560010,Industrial Estate S.O (Bangalore),Bangalore,Bangalore HQ,12.9847,77.5491,
560014,Jalahalli East S.O,Bangalore,Bangalore HQ,12.9967,77.5551,
560013,Jalahalli H.O,Bangalore,Bangalore HQ,13.0449,77.549,
560015,Jalahalli West S.O,Bangalore,Bangalore HQ,12.9967,77.5551,
560079,K H B Colony S.O,Bangalore,Bangalore HQ,12.7111,77.3354,
560009,K. G. Road S.O,Bangalore,Bangalore HQ,13.0643,77.126,
560089,Kakolu B.O,Bangalore Rural,Bangalore HQ,13.1876,77.52,
560079,Kamakshipalya S.O,Bangalore,Bangalore HQ,12.7111,77.3354,
560091,Kodigehalli B.O,Bangalore Rural,Bangalore HQ,13.336,77.6376,
560112,Kodigehalli S.O,Bangalore,Bangalore HQ,13.0583,77.5732,
560058,Laggere S.O,Bangalore,Bangalore HQ,12.9979,77.5861,
560023,Magadi Road S.O,Bangalore,Bangalore HQ,12.975,77.5489,
560086,Mahalakshmipuram Layout S.O,Bangalore,Bangalore HQ,12.9872,77.5244,
560003,Malleswaram S.O,Bangalore,Bangalore HQ,13.0097,77.5648,
560055,Malleswaram West S.O,Bangalore,Bangalore HQ,12.9979,77.5861,
560054,Mathikere S.O,Bangalore,Bangalore HQ,13.0323,77.5609,
560054,Msrit S.O,Bangalore,Bangalore HQ,13.0323,77.5609,
560072,Nagarbhavi S.O,Bangalore,Bangalore HQ,12.9801,77.5113,
560073,Nagasandra S.O (Bangalore),Bangalore,Bangalore HQ,12.7111,77.3354,
560096,Nandinilayout S.O,Bangalore,Bangalore HQ,13.0134,77.5361,
560073,Nelakadiranahalli B.O,Bangalore,Bangalore HQ,12.7111,77.3354,
560003,Palace Guttahalli S.O,Bangalore,Bangalore HQ,13.0097,77.5648,
560057,Peenya Dasarahalli S.O,Bangalore,Bangalore HQ,12.9979,77.5861,
560058,Peenya I Stage S.O,Bangalore,Bangalore HQ,12.9979,77.5861,
560058,Peenya Small Industries S.O,Bangalore,Bangalore HQ,12.9979,77.5861,
560010,Rajajinagar H.O,Bangalore,Bangalore HQ,12.9847,77.5491,
560010,Rajajinagar IVth Block S.O,Bangalore,Bangalore HQ,12.9847,77.5491,
560012,Science Institute S.O,Bangalore,Bangalore HQ,12.9967,77.5551,
560020,Seshadripuram S.O,Bangalore,Bangalore HQ,12.9879,77.5789,
560089,Shivakote B.O,Bangalore Rural,Bangalore HQ,13.1876,77.52,
560090,Silvepura B.O,Bangalore Rural,Bangalore HQ,13.0875,77.5846,
560054,Sri Chowdeshwari S.O,Bangalore,Bangalore HQ,13.0323,77.5609,
560021,Srirampuram S.O,Bangalore,Bangalore HQ,12.9879,77.5625,
560003,Swimming Pool Extn S.O,Bangalore,Bangalore HQ,13.0097,77.5648,
560090,Tarabanahalli B.O,Bangalore,Bangalore HQ,13.0875,77.5846,
560097,Vidyaranyapura S.O,Bangalore,Bangalore HQ,13.0814,77.5566,
560040,Vijayanagar East S.O,Bangalore,Bangalore HQ,13.0064,77.3204,
560040,Vijayanagar S.O (Bangalore),Bangalore,Bangalore HQ,13.0064,77.3204,
560091,Viswaneedam S.O,Bangalore,Bangalore HQ,13.336,77.6376,
560003,Vyalikaval Extn S.O,Bangalore,Bangalore HQ,13.0097,77.5648,
560086,West of Chord Road II stage S.O,Bangalore,Bangalore HQ,12.9872,77.5244,
560022,Yeshwanthpur Bazar S.O,Bangalore,Bangalore HQ,12.9714,77.5481,
560022,Yeswanthpura S.O,Bangalore,Bangalore HQ,12.9714,77.5481,
562108,Abbur B.O,Ramanagar,Bangalore HQ,13.0366,77.6218,
562117,Achalu B.O,Ramanagar,Bangalore HQ,14.2971,74.6769,
561101,Adarangi B.O,Bangalore Rural,Bangalore HQ,12.8162,76.9927,
562120,Agalakote B.O,Ramanagar,Bangalore HQ,12.9669,76.8409,
561201,Ajjanahalli B.O,Bangalore Rural,Bangalore HQ,13.5634,77.0477,
562159,Akkur B.O,Ramanagar,Bangalore HQ,13.6401,77.6156,
562138,Akkur B.O,Ramanagar,Bangalore HQ,12.6928,76.6886,
562117,Alahalli B.O,Ramanagar,Bangalore HQ,14.2971,74.6769,
562119,Alanatha B.O,Ramanagar,Bangalore HQ,13.2367,76.8029,
562110,Alurduddanahalli B.O,Bangalore Rural,Bangalore HQ,13.2466,77.7118,
562162,Aluru B.O,Bangalore Rural,Bangalore HQ,12.9979,76.9628,
562138,Ambadahalli B.O,Ramanagar,Bangalore HQ,12.6928,76.6886,
562106,Anekal S.O,Bangalore,Bangalore HQ,12.7111,77.6956,
562159,Anjanapura B.O,Ramanagar,Bangalore HQ,13.6401,77.6156,
562159,Ankanahalli B.O,Ramanagar,Bangalore HQ,13.6401,77.6156,
562110,Anneshwara B.O,Bangalore Rural,Bangalore HQ,13.2466,77.7118,
561203,Antharahalli B.O,Bangalore Rural,Bangalore HQ,13.4412,77.4596,
562110,Aradeshanahalli B.O,Bangalore Rural,Bangalore HQ,13.2466,77.7118,
562163,Arakere B.O,Bangalore Rural,Bangalore HQ,12.8254,76.901,
562138,Aralalasandra B.O,Ramanagar,Bangalore HQ,12.6928,76.6886,
561203,Arallumallige B.O,Bangalore Rural,Bangalore HQ,13.4412,77.4596,
562123,Arasinakunte B.O,Bangalore Rural,Bangalore HQ,13.4675,77.1874,
562111,Arebommnahalli B.O,Bangalore Rural,Bangalore HQ,13.9795,76.2717,
561204,Arudi B.O,Bangalore Rural,Bangalore HQ,13.5329,77.2601,
562107,Attibele S.O,Bangalore,Bangalore HQ,12.7781,77.7726,
562126,Attihalli B.O,Ramanagar,Bangalore HQ,12.346,76.935,
562112,Attikuppe B.O,Ramanagar,Bangalore HQ,12.9957,76.8412,
561201,Attimagere B.O,Ramanagar,Bangalore HQ,13.5634,77.0477,
562164,Avathi,Bangalore,Bangalore HQ,13.0266,77.1941,
562159,Averahalli B.O,Ramanagar,Bangalore HQ,13.6401,77.6156,
562120,Bachenahatti B.O,Ramanagar,Bangalore HQ,12.9669,76.8409,
562149,Bagalur S.O (Bangalore),Bangalore,Bangalore HQ,13.1328,77.6685,
562131,Baginigere B.O,Bangalore Rural,Bangalore HQ,12.9888,76.677,
561204,Baktharahalli B.O,Bangalore Rural,Bangalore HQ,13.5329,77.2601,
562127,Banavadi B.O,Bangalore Rural,Bangalore HQ,13.0516,77.2642,
562121,Banavasi B.O,Ramanagar,Bangalore HQ,12.913,76.1619,
562149,Bandikodigehalli B.O,Bangalore,Bangalore HQ,13.1328,77.6685,
562159,Bannikuppe B.O,Ramanagar,Bangalore HQ,13.6401,77.6156,
562119,Bannimakodalu B.O,Ramanagar,Bangalore HQ,13.2367,76.8029,
562111,Baragenahalli B.O,Bangalore Rural,Bangalore HQ,13.9795,76.2717,
562163,Basettihalli B.O,Bangalore Rural,Bangalore HQ,12.8254,76.901,
562122,Begur B.O,Bangalore Rural,Bangalore HQ,13.133,77.9274,
562129,Bendiganahalli B.O,Bangalore Rural,Bangalore HQ,13.1353,77.7456,
562106,Bestamaranahalli B.O,Bangalore,Bangalore HQ,12.7111,77.6956,
562157,Bettahalsur S.O,Bangalore,Bangalore HQ,13.1438,77.6169,
562129,Bettakote B.O,Bangalore Rural,Bangalore HQ,13.1353,77.7456,
562108,Bevur S.O (Ramanagar),Ramanagar,Bangalore HQ,13.0366,77.6218,
562108,Bevurmandya B.O,Ramanagar,Bangalore HQ,13.0366,77.6218,
562109,Bidadi S.O,Ramanagar,Bangalore HQ,12.7989,77.3864,
562164,Bidalur B.O,Bangalore Rural,Bangalore HQ,13.0266,77.1941,
562107,Bidaraguppe B.O,Bangalore,Bangalore HQ,12.7781,77.7726,
562119,Bijjahalli B.O,Ramanagar,Bangalore HQ,13.2367,76.8029,
562164,Bijjawara B.O,Bangalore Rural,Bangalore HQ,13.0266,77.1941,
562120,Bilagumba B.O,Ramanagar,Bangalore HQ,12.9669,76.8409,
562159,Bilagumba B.O,Ramanagar,Bangalore HQ,13.6401,77.6156,
562111,Billanakote B.O,Bangalore Rural,Bangalore HQ,13.9795,76.2717,
562131,Biskur B.O,Bangalore Rural,Bangalore HQ,12.9888,76.677,
562129,Budigere B.O,Bangalore Rural,Bangalore HQ,13.1353,77.7456,
562123,Budihal B.O,Bangalore Rural,Bangalore HQ,13.4675,77.1874,
562106,Byagadadenahalli B.O,Bangalore,Bangalore HQ,12.7111,77.6956,
562127,Bylakere B.O,Bangalore Rural,Bangalore HQ,13.0516,77.2642,
562122,Bylanarasapura B.O,Bangalore Rural,Bangalore HQ,13.133,77.9274,
562109,Byramangala B.O,Ramanagar,Bangalore HQ,12.7989,77.3864,
562120,Chakarabhavi B.O,Ramanagar,Bangalore HQ,12.9669,76.8409,
562160,Chakkalur B.O,Ramanagar,Bangalore HQ,13.426,76.3786,
562160,Chakkere B.O,Ramanagar,Bangalore HQ,13.426,76.3786,
562120,Chamarajasagara B.O,Bangalore,Bangalore HQ,12.9669,76.8409,
562160,Channapatna Bazar S.O,Ramanagar,Bangalore HQ,13.426,76.3786,
562160,Channapatna H.O,Ramanagar,Bangalore HQ,13.426,76.3786,
562135,Channarayapatna B.O,Bangalore Rural,Bangalore HQ,13.431,77.3702,
562112,Cheelur B.O,Ramanagar,Bangalore HQ,12.9957,76.8412,
562157,Chikkajala B.O,Bangalore,Bangalore HQ,13.1438,77.6169,
562126,Chikkalahalli B.O,Ramanagar,Bangalore HQ,12.346,76.935,
562117,Chikkamuduvadi B.O,Ramanagar,Bangalore HQ,14.2971,74.6769,
562130,Chikkanahalli B.O,Bangalore,Bangalore HQ,13.0008,77.1268,
562130,Chunchanakuppe B.O,Bangalore,Bangalore HQ,13.0008,77.1268,
562162,Dasanapura B.O,Bangalore,Bangalore HQ,12.9979,76.9628,
562110,Devanahalli S.O,Bangalore Rural,Bangalore HQ,13.2466,77.7118,
562111,Devarahosahalli B.O,Bangalore Rural,Bangalore HQ,13.9795,76.2717,
562111,Dobbespet S.O,Bangalore Rural,Bangalore HQ,13.9795,76.2717,
561203,Dodballapura Bazar S.O,Bangalore Rural,Bangalore HQ,13.4412,77.4596,
561203,Dodballapura S.O,Bangalore Rural,Bangalore HQ,13.4412,77.4596,
561204,Doddabelavangala S.O,Bangalore Rural,Bangalore HQ,13.5329,77.2601,
562132,Doddabele B.O,Bangalore Rural,Bangalore HQ,13.7919,76.6922,
562159,Doddagangawadi B.O,Ramanagar,Bangalore HQ,13.6401,77.6156,
562114,Doddagattiganabbe B.O,Bangalore Rural,Bangalore HQ,13.0514,77.8528,
561204,Doddahejjaji B.O,Bangalore Rural,Bangalore HQ,13.5329,77.2601,
562157,Doddajala B.O,Bangalore,Bangalore HQ,13.1438,77.6169,
562119,Doddakabballi B.O,Ramanagar,Bangalore HQ,13.2367,76.8029,
562131,Doddamudigere B.O,Bangalore Rural,Bangalore HQ,12.9888,76.677,
562114,Doddanallala B.O,Bangalore Rural,Bangalore HQ,13.0514,77.8528,
562110,Doddasanne B.O,Bangalore Rural,Bangalore HQ,13.2466,77.7118,
562131,Doddasomanahalli B.O,Bangalore Rural,Bangalore HQ,12.9888,76.677,
562163,Doddatumkur B.O,Bangalore Rural,Bangalore HQ,12.8254,76.901,
562125,Dommasandra B.O,Bangalore,Bangalore HQ,12.9247,77.6496,
562109,Ganakal B.O,Ramanagar,Bangalore HQ,12.7989,77.3864,
562117,Ganalu B.O,Ramanagar,Bangalore HQ,14.2971,74.6769,
562131,Gangonahalli B.O,Bangalore Rural,Bangalore HQ,12.9888,76.677,
561205,Gantiganahalli B.O,Bangalore Rural,Bangalore HQ,14.058,75.7305,
562138,Garakahalli B.O,Ramanagar,Bangalore HQ,12.6928,76.6886,
562159,GCEC Ramanagara S.O,Ramanagar,Bangalore HQ,13.6401,77.6156,
562120,Gejjagaragupppe B.O,Ramanagar,Bangalore HQ,12.9669,76.8409,
562112,Girenahalli B.O,Ramanagar,Bangalore HQ,12.9957,76.8412,
562123,Gollahalli B.O,Bangalore Rural,Bangalore HQ,13.4675,77.1874,
562119,Gollahalli B.O,Ramanagar,Bangalore HQ,13.2367,76.8029,
562112,Gottigehalli B.O,Ramanagar,Bangalore HQ,12.9957,76.8412,
562161,Government Silk Farm S.O,Ramanagar,Bangalore HQ,13.2032,76.9603,
562108,Gowdagere B.O,Ramanagar,Bangalore HQ,13.0366,77.6218,
562106,Guddanahalli B.O,Bangalore,Bangalore HQ,12.7111,77.6956,
562127,Gudemaranahalli B.O,Bangalore Rural,Bangalore HQ,13.0516,77.2642,
561203,Gundamgere B.O,Bangalore Rural,Bangalore HQ,13.4412,77.4596,
562121,Guttalahunase B.O,Ramanagar,Bangalore HQ,12.913,76.1619,
562117,H.Kothanuru B.O,Ramanagar,Bangalore HQ,14.2971,74.6769,
561205,Hadonahalli B.O,Bangalore Rural,Bangalore HQ,14.058,75.7305,
562128,Hagalahalli B.O,Ramanagar,Bangalore HQ,12.8317,76.4634,
561203,Hanabe B.O,Bangalore Rural,Bangalore HQ,13.4412,77.4596,
562119,Hanchaguli B.O,Ramanagar,Bangalore HQ,13.2367,76.8029,
562125,Handenahalli B.O,Bangalore,Bangalore HQ,12.9247,77.6496,
562120,Harathi B.O,Ramanagar,Bangalore HQ,12.9669,76.8409,
562128,Harisandra B.O,Ramanagar,Bangalore HQ,12.8317,76.4634,
562126,Harobele B.O,Ramanagar,Bangalore HQ,12.346,76.935,
562135,Harohalli B.O,Bangalore Rural,Bangalore HQ,13.431,77.3702,
562112,Harohalli S.O,Ramanagar,Bangalore HQ,12.9957,76.8412,
562114,Hasigala B.O,Bangalore Rural,Bangalore HQ,13.0514,77.8528,
561205,Heggadahalli B.O,Bangalore Rural,Bangalore HQ,14.058,75.7305,
562110,Hegganahalli B.O,Bangalore Rural,Bangalore HQ,13.2466,77.7118,
562111,Heggunda B.O,Bangalore Rural,Bangalore HQ,13.9795,76.2717,
562109,Hejjala B.O,Ramanagar,Bangalore HQ,12.7989,77.3864,
562117,Helagahalli B.O,Ramanagar,Bangalore HQ,14.2971,74.6769,
562119,Herandyappanahalli B.O,Ramanagar,Bangalore HQ,13.2367,76.8029,
562122,Hindaganala B.O,Bangalore Rural,Bangalore HQ,13.133,77.9274,
562138,Honganur S.O,Ramanagar,Bangalore HQ,12.6928,76.6886,
562123,Honnasandra B.O,Bangalore Rural,Bangalore HQ,13.4675,77.1874,
562108,Honnayakanahalli B.O,Ramanagar,Bangalore HQ,13.0366,77.6218,
562126,Honniganahalli B.O,Ramanagar,Bangalore HQ,12.346,76.935,
562117,Horalagallu B.O,Ramanagar,Bangalore HQ,14.2971,74.6769,
562119,Hosadurga B.O,Ramanagar,Bangalore HQ,13.2367,76.8029,
561203,Hosahalli B.O,Bangalore Rural,Bangalore HQ,13.4412,77.4596,
562114,Hoskote Indl. Area B.O,Bangalore Rural,Bangalore HQ,13.0514,77.8528,
562114,Hoskote S.O,Bangalore Rural,Bangalore HQ,13.0514,77.8528,
562109,Hosur B.O,Ramanagar,Bangalore HQ,12.7989,77.3864,
561101,Hulikal B.O,Bangalore Rural,Bangalore HQ,12.8162,76.9927,
561204,Hulikunte B.O,Bangalore Rural,Bangalore HQ,13.5329,77.2601,
562162,Hullegowdanahalli B.O,Bangalore Rural,Bangalore HQ,12.9979,76.9628,
562131,Hullenahalli B.O,Bangalore Rural,Bangalore HQ,12.9888,76.677,
562157,Hunasamaranahalli B.O,Bangalore,Bangalore HQ,13.1438,77.6169,
562119,Hunasanahalli B.O,Ramanagar,Bangalore HQ,13.2367,76.8029,
562119,Hunkunda B.O,Ramanagar,Bangalore HQ,13.2367,76.8029,
562162,Huskur B.O,Bangalore Rural,Bangalore HQ,12.9979,76.9628,
562129,Ibasapura B.O,Bangalore Rural,Bangalore HQ,13.1353,77.7456,
562138,Iggalur B.O,Ramanagar,Bangalore HQ,12.6928,76.6886,
562159,Ijoor Ramangaram S.O,Ramanagar,Bangalore HQ,13.6401,77.6156,
562106,Indalavadi B.O,Bangalore,Bangalore HQ,12.7111,77.6956,
562109,Ittmadu B.O,Ramanagar,Bangalore HQ,12.7989,77.3864,
562114,Jadigenahalli B.O,Bangalore Rural,Bangalore HQ,13.0514,77.8528,
562138,Jagadapura B.O,Ramanagar,Bangalore HQ,12.6928,76.6886,
562123,Jakkanahalli B.O,Bangalore Rural,Bangalore HQ,13.4675,77.1874,
562112,Jakkasandra B.O,Ramanagar,Bangalore HQ,12.9957,76.8412,
562159,Jalamangala B.O,Ramanagar,Bangalore HQ,13.6401,77.6156,
562110,Jalige B.O,Bangalore Rural,Bangalore HQ,13.2466,77.7118,
562114,Jodidasarahalli B.O,Bangalore Rural,Bangalore HQ,13.0514,77.8528,
562109,K.Karenahalli B.O,Ramanagar,Bangalore HQ,12.7989,77.3864,
562122,K.Satyavara B.O,Bangalore Rural,Bangalore HQ,13.133,77.9274,
562126,Kabbal B.O,Ramanagar,Bangalore HQ,12.346,76.935,
562130,Kadabagere B.O,Bangalore,Bangalore HQ,13.0008,77.1268,
562126,Kadahalli B.O,Ramanagar,Bangalore HQ,12.346,76.935,
561204,Kadalappanahalli B.O,Bangalore Rural,Bangalore HQ,13.5329,77.2601,
561204,Kadanur B.O,Bangalore Rural,Bangalore HQ,13.5329,77.2601,
562112,Kaggala Halli B.O,Ramanagar,Bangalore HQ,12.9957,76.8412,
562159,Kailancha B.O,Ramanagar,Bangalore HQ,13.6401,77.6156,
562120,Kalari B.O,Ramanagar,Bangalore HQ,12.9669,76.8409,
562117,Kallahalli B.O,Ramanagar,Bangalore HQ,14.2971,74.6769,
562121,Kallanakupppe B.O,Ramanagar,Bangalore HQ,12.913,76.1619,
562120,Kalludevanahalli B.O,Ramanagar,Bangalore HQ,12.9669,76.8409,
562120,Kalya B.O,Ramanagar,Bangalore HQ,12.9669,76.8409,
562111,Kambalu B.O,Bangalore Rural,Bangalore HQ,13.9795,76.2717,
562117,Kanakapura Bazar S.O,Ramanagar,Bangalore HQ,14.2971,74.6769,
562117,Kanakapura S.O,Ramanagar,Bangalore HQ,14.2971,74.6769,
561203,Kanasavadi B.O,Bangalore Rural,Bangalore HQ,13.4412,77.4596,
562109,Kanchugaranahalli B.O,Ramanagar,Bangalore HQ,12.7989,77.3864,
561203,Kannamangala B.O,Bangalore Rural,Bangalore HQ,13.4412,77.4596,
562110,Kannamangala B.O,Bangalore Rural,Bangalore HQ,13.2466,77.7118,
562149,Kannur B.O,Bangalore,Bangalore HQ,13.1328,77.6685,
562108,Kanva B.O,Ramanagar,Bangalore HQ,13.0366,77.6218,
562164,Karahalli B.O,Bangalore Rural,Bangalore HQ,13.0266,77.1941,
562112,Karikaldoddi B.O,Ramanagar,Bangalore HQ,12.9957,76.8412,
561201,Karlamangala B.O,Ramanagar,Bangalore HQ,13.5634,77.0477,
562114,Kattigenahalli B.O,Bangalore Rural,Bangalore HQ,13.0514,77.8528,
562114,Kembliganahalli B.O,Bangalore Rural,Bangalore HQ,13.0514,77.8528,
562120,Kempasagara B.O,Ramanagar,Bangalore HQ,12.9669,76.8409,
562130,Kithanahalli B.O,Bangalore Rural,Bangalore HQ,13.0008,77.1268,
562138,Kodamballi B.O,Ramanagar,Bangalore HQ,12.6928,76.6886,
561203,Kodigehalli B.O,Bangalore Rural,Bangalore HQ,13.4412,77.4596,
562119,Kodihalli S.O,Ramanagar,Bangalore HQ,13.2367,76.8029,
562164,Koira B.O,Bangalore Rural,Bangalore HQ,13.0266,77.1941,
562119,Kolagondanahalli B.O,Ramanagar,Bangalore HQ,13.2367,76.8029,
561204,Koligere B.O,Bangalore Rural,Bangalore HQ,13.5329,77.2601,
562132,Kollalagatta B.O,Bangalore Rural,Bangalore HQ,13.7919,76.6922,
562114,Kollathur B.O,Bangalore Rural,Bangalore HQ,13.0514,77.8528,
562112,Kolliganahalli B.O,Ramanagar,Bangalore HQ,12.9957,76.8412,
561203,Kongadiyappa Road S.O,Bangalore Rural,Bangalore HQ,13.4412,77.4596,
562163,Konnagatta B.O,Bangalore Rural,Bangalore HQ,12.8254,76.901,
562122,Korati B.O,Bangalore Rural,Bangalore HQ,13.133,77.9274,
562117,Kottagalu B.O,Ramanagar,Bangalore HQ,14.2971,74.6769,
562159,Krishnapuradoddi B.O,Ramanagar,Bangalore HQ,13.6401,77.6156,
562160,Kudlur B.O,Ramanagar,Bangalore HQ,13.426,76.3786,
561101,Kudur S.O,Bangalore Rural,Bangalore HQ,12.8162,76.9927,
562125,Kugur B.O,Bangalore,Bangalore HQ,12.9247,77.6496,
562111,Kuluvanahalli B.O,Bangalore Rural,Bangalore HQ,13.9795,76.2717,
562114,Kumbalahalli B.O,Bangalore Rural,Bangalore HQ,13.0514,77.8528,
562110,Kundana B.O,Bangalore Rural,Bangalore HQ,13.2466,77.7118,
562117,Kurupet B.O,Ramanagar,Bangalore HQ,14.2971,74.6769,
562159,Kutgal B.O,Ramanagar,Bangalore HQ,13.6401,77.6156,
562108,Kyasapura B.O,Ramanagar,Bangalore HQ,13.0366,77.6218,
562127,Lakkenahalli B.O,Bangalore Rural,Bangalore HQ,13.0516,77.2642,
562159,Lakkojanahalli B.O,Ramanagar,Bangalore HQ,13.6401,77.6156,
562114,Lakkondanahalli B.O,Bangalore Rural,Bangalore HQ,13.0514,77.8528,
562111,Lakkur B.O,Bangalore Rural,Bangalore HQ,13.9795,76.2717,
561201,Lakshmipura B.O,Ramanagar,Bangalore HQ,13.5634,77.0477,
562162,Lakshmipura B.O,Bangalore Rural,Bangalore HQ,12.9979,76.9628,
562160,Lalaghatta B.O,Ramanagar,Bangalore HQ,13.426,76.3786,
561201,Madabal B.O,Ramanagar,Bangalore HQ,13.5634,77.0477,
562123,Madalakote B.O,Bangalore Rural,Bangalore HQ,13.4675,77.1874,
562162,Madanayakanahalli S.O,Bangalore,Bangalore HQ,12.9979,76.9628,
562162,Madavara B.O,Bangalore Rural,Bangalore HQ,12.9979,76.9628,
562127,Madigondanahalli B.O,Bangalore Rural,Bangalore HQ,13.0516,77.2642,
562120,Magadi S.O,Ramanagar,Bangalore HQ,12.9669,76.8409,
562123,Mahadevapura B.O,Bangalore Rural,Bangalore HQ,13.4675,77.1874,
562108,Makali B.O,Ramanagar,Bangalore HQ,13.0366,77.6218,
562162,Makali B.O,Bangalore Rural,Bangalore HQ,12.9979,76.9628,
562117,Malgal B.O,Ramanagar,Bangalore HQ,14.2971,74.6769,
562123,Mallarabanavadi B.O,Bangalore Rural,Bangalore HQ,13.4675,77.1874,
561203,Mallathahalli B.O,Bangalore Rural,Bangalore HQ,13.4412,77.4596,
562121,Mallligemetlu B.O,Ramanagar,Bangalore HQ,12.913,76.1619,
562160,Malur B.O,Ramanagar,Bangalore HQ,13.426,76.3786,
562128,Manchanabele B.O,Ramanagar,Bangalore HQ,12.8317,76.4634,
562109,Manchanayakanahalli B.O,Ramanagar,Bangalore HQ,12.7989,77.3864,
562109,Manchegowdanapalya B.O,Ramanagar,Bangalore HQ,12.7989,77.3864,
562135,Mandibele B.O,Bangalore Rural,Bangalore HQ,13.431,77.3702,
562123,Mandigere B.O,Bangalore Rural,Bangalore HQ,13.4675,77.1874,
562108,Mankunda B.O,Ramanagar,Bangalore HQ,13.0366,77.6218,
562132,Manne B.O,Bangalore Rural,Bangalore HQ,13.7919,76.6922,
562127,Manniganahalli B.O,Bangalore Rural,Bangalore HQ,13.0516,77.2642,
562111,Maralakunte B.O,Bangalore Rural,Bangalore HQ,13.9795,76.2717,
562121,Maralavadi S.O,Ramanagar,Bangalore HQ,12.913,76.1619,
562117,Marale B.O,Ramanagar,Bangalore HQ,14.2971,74.6769,
561101,Marasandra B.O,Bangalore Rural,Bangalore HQ,12.8162,76.9927,
562160,Marchanhalli B.O,Ramanagar,Bangalore HQ,13.426,76.3786,
562127,Marikuppe B.O,Bangalore Rural,Bangalore HQ,13.0516,77.2642,
562117,Marlebekuppe B.O,Ramanagar,Bangalore HQ,14.2971,74.6769,
562106,Marsur B.O,Bangalore,Bangalore HQ,12.7111,77.6956,
562162,Mathahalli B.O,Bangalore Rural,Bangalore HQ,12.9979,76.9628,
562120,Mathikere B.O,Ramanagar,Bangalore HQ,12.9669,76.8409,
562128,Mayaganahalli B.O,Ramanagar,Bangalore HQ,12.8317,76.4634,
562107,Mayasandra B.O,Bangalore,Bangalore HQ,12.7781,77.7726,
561101,Mayasandra B.O,Bangalore Rural,Bangalore HQ,12.8162,76.9927,
562112,Medamaranahalli B.O,Ramanagar,Bangalore HQ,12.9957,76.8412,
561205,Melekote S.O,Bangalore Rural,Bangalore HQ,14.058,75.7305,
562108,Mogenahalli B.O,Ramanagar,Bangalore HQ,13.0366,77.6218,
562127,Motagondanahalli B.O,Bangalore Rural,Bangalore HQ,13.0516,77.2642,
562160,Mudugere B.O,Ramanagar,Bangalore HQ,13.426,76.3786,
562114,Mugabala B.O,Bangalore Rural,Bangalore HQ,13.0514,77.8528,
562119,Mullahalli B.O,Bangalore Rural,Bangalore HQ,13.2367,76.8029,
562123,Mylanahalli B.O,Bangalore Rural,Bangalore HQ,13.4675,77.1874,
562160,Mylanayakanhalli B.O,Ramanagar,Bangalore HQ,13.426,76.3786,
562163,NAGADENAHALLI,Bangalore Rural,Bangalore HQ,12.8254,76.901,
562108,Nagavara B.O,Ramanagar,Bangalore HQ,13.0366,77.6218,
562122,Nandagudi S.O,Bangalore Rural,Bangalore HQ,13.133,77.9274,
562127,Narasandra B.O,Bangalore Rural,Bangalore HQ,13.0516,77.2642,
562111,Narasipura B.O,Bangalore Rural,Bangalore HQ,13.9795,76.2717,
562117,Narayanapura B.O,Ramanagar,Bangalore HQ,14.2971,74.6769,
562135,Narayanapura B.O,Bangalore Rural,Bangalore HQ,13.431,77.3702,
562123,Nelamangala S.O,Bangalore Rural,Bangalore HQ,13.4675,77.1874,
562122,Nelavagilu B.O,Bangalore Rural,Bangalore HQ,13.133,77.9274,
562107,Neralur B.O,Bangalore,Bangalore HQ,12.7781,77.7726,
562138,Neralur B.O,Ramanagar,Bangalore HQ,12.6928,76.6886,
562125,Neriga B.O,Bangalore,Bangalore HQ,12.9247,77.6496,
562132,Niduvanda B.O,Bangalore Rural,Bangalore HQ,13.7919,76.6922,
562132,Obalapura B.O,Bangalore Rural,Bangalore HQ,13.7919,76.6922,
561204,Purushanahalli B.O,Bangalore Rural,Bangalore HQ,13.5329,77.2601,
561203,Rajaghatta B.O,Bangalore Rural,Bangalore HQ,13.4412,77.4596,
562159,Ramanagaram S.O,Ramanagar,Bangalore HQ,13.6401,77.6156,
561204,Rameshwara B.O,Bangalore Rural,Bangalore HQ,13.5329,77.2601,
562160,Rampura B.O,Ramanagar,Bangalore HQ,13.426,76.3786,
562129,Reddihalli B.O,Bangalore Rural,Bangalore HQ,13.1353,77.7456,
562110,Sadahalli B.O,Bangalore Rural,Bangalore HQ,13.2466,77.7118,
561204,Sakkaaregollahalli B.O,Bangalore Rural,Bangalore HQ,13.5329,77.2601,
562106,Samandur B.O,Bangalore,Bangalore HQ,12.7111,77.6956,
562131,Sankighatta B.O,Bangalore Rural,Bangalore HQ,12.9888,76.677,
562125,Sarjapura S.O,Bangalore,Bangalore HQ,12.9247,77.6496,
561204,Sasalu B.O,Bangalore Rural,Bangalore HQ,13.5329,77.2601,
562120,Sathanur B.O,Ramanagar,Bangalore HQ,12.9669,76.8409,
562126,Sathanur S.O,Ramanagar,Bangalore HQ,12.346,76.935,
562109,Shanumangala B.O,Ramanagar,Bangalore HQ,12.7989,77.3864,
562160,Shettihalli B.O,Ramanagar,Bangalore HQ,13.426,76.3786,
562111,Shivagange B.O,Bangalore Rural,Bangalore HQ,13.9795,76.2717,
562117,Shivanahalli B.O,Ramanagar,Bangalore HQ,14.2971,74.6769,
562162,Shivanapura B.O,Bangalore Rural,Bangalore HQ,12.9979,76.9628,
562122,Shivanapura B.O,Bangalore Rural,Bangalore HQ,13.133,77.9274,
562163,Shivapura B.O,Bangalore Rural,Bangalore HQ,12.8254,76.901,
562106,Sidihoskote B.O,Bangalore,Bangalore HQ,12.7111,77.6956,
562138,Singarajipura B.O,Ramanagar,Bangalore HQ,12.6928,76.6886,
561101,Sirigiripura B.O,Bangalore Rural,Bangalore HQ,12.8162,76.9927,
562138,Sogala B.O,Ramanagar,Bangalore HQ,12.6928,76.6886,
562130,Soladevanahalli B.O,Bangalore Rural,Bangalore HQ,13.0008,77.1268,
562127,Solur S.O,Bangalore Rural,Bangalore HQ,13.0516,77.2642,
562130,Sondekoppa B.O,Bangalore Rural,Bangalore HQ,13.0008,77.1268,
561203,Sri Subramanyaghati B.O,Bangalore Rural,Bangalore HQ,13.4412,77.4596,
561101,Sugganahalli B.O,Bangalore Rural,Bangalore HQ,12.8162,76.9927,
562128,Sugganahalli S.O,Ramanagar,Bangalore HQ,12.8317,76.4634,
562129,Sulebele S.O,Bangalore Rural,Bangalore HQ,13.1353,77.7456,
562160,Sulleri B.O,Ramanagar,Bangalore HQ,13.426,76.3786,
561204,Syakaladevanapura B.O,Bangalore Rural,Bangalore HQ,13.5329,77.2601,
562112,T.Hosahalli B.O,Ramanagar,Bangalore HQ,12.9957,76.8412,
562160,Tagachagere B.O,Ramanagar,Bangalore HQ,13.426,76.3786,
562157,Tarahunise B.O,Bangalore,Bangalore HQ,13.1438,77.6169,
562112,Tattekere B.O,Ramanagar,Bangalore HQ,12.9957,76.8412,
562122,Tavarekere B.O,Bangalore Rural,Bangalore HQ,13.133,77.9274,
562130,Tavarekere S.O (Bangalore),Bangalore,Bangalore HQ,13.0008,77.1268,
562123,Teppadabeguru B.O,Bangalore Rural,Bangalore HQ,13.4675,77.1874,
562121,Terubeedi B.O,Ramanagar,Bangalore HQ,12.913,76.1619,
562120,Thaggikuppe B.O,Ramanagar,Bangalore HQ,12.9669,76.8409,
562106,Thammanayakanahalli B.O,Bangalore,Bangalore HQ,12.7111,77.6956,
561201,Thimmasandra B.O,Ramanagar,Bangalore HQ,13.5634,77.0477,
562131,Thippasandra S.O,Bangalore Rural,Bangalore HQ,12.9888,76.677,
561203,Tippur B.O,Bangalore Rural,Bangalore HQ,13.4412,77.4596,
562117,Torebekuppe B.O,Ramanagar,Bangalore HQ,14.2971,74.6769,
561205,Tubugere B.O,Bangalore Rural,Bangalore HQ,14.058,75.7305,
562117,Tungani B.O,Ramanagar,Bangalore HQ,14.2971,74.6769,
562132,Tyamagondlu S.O,Bangalore Rural,Bangalore HQ,13.7919,76.6922,
562127,Udukunte B.O,Bangalore Rural,Bangalore HQ,13.0516,77.2642,
562110,Uganavadi B.O,Bangalore Rural,Bangalore HQ,13.2466,77.7118,
562109,Uragapura B.O,Ramanagar,Bangalore HQ,12.7989,77.3864,
562114,Vagata Agrahara B.O,Bangalore Rural,Bangalore HQ,13.0514,77.8528,
562106,Vanakanahalli B.O,Bangalore,Bangalore HQ,12.7111,77.6956,
562163,Veerapura B.O,Bangalore Rural,Bangalore HQ,12.8254,76.901,
561201,Veeregowdanadoddi S.O,Ramanagar,Bangalore HQ,13.5634,77.0477,
562164,Venkatagirikote B.O,Bangalore Rural,Bangalore HQ,13.0266,77.1941,
562117,Venkatarayanadoddi B.O,Ramanagar,Bangalore HQ,14.2971,74.6769,
562157,Vidyanagara B.O,Bangalore,Bangalore HQ,13.1438,77.6169,
562135,Vijayapaura S.O,Bangalore Rural,Bangalore HQ,13.431,77.3702,
562138,Virupakshipura B.O,Ramanagar,Bangalore HQ,12.6928,76.6886,
562110,Vishwanathapura B.O,Bangalore Rural,Bangalore HQ,13.2466,77.7118,
562117,Yadamaranahalli B.O,Ramanagar,Bangalore HQ,14.2971,74.6769,
562107,Yadavanahalli B.O,Bangalore,Bangalore HQ,12.7781,77.7726,
562111,Yelekyathanahalli B.O,Bangalore Rural,Bangalore HQ,13.9795,76.2717,
562138,Yeletotadahalli B.O,Ramanagar,Bangalore HQ,12.6928,76.6886,
562110,Yeliyur B.O,Bangalore Rural,Bangalore HQ,13.2466,77.7118,
562127,Yennegere B.O,Bangalore Rural,Bangalore HQ,13.0516,77.2642,
562123,Yentiganahalli B.O,Bangalore Rural,Bangalore HQ,13.4675,77.1874,
562159,Yerehalli B.O,Ramanagar,Bangalore HQ,13.6401,77.6156,
